Name,Price,Rating
Mi X Series 138 cm (55 inch) Ultra HD (4K) LED Smart Google TV,"₹39,999",N/A
Mi X Series 138 cm (55 inch) Ultra HD (4K) LED Smart Android TV with Dolby Vision & 30W Dolby Audio (2...,"₹36,999",4.3
OnePlus Y1S Pro 138 cm (55 inch) Ultra HD (4K) LED Smart Android TV,"₹39,999",4.4
SAMSUNG Crystal Vision 138 cm (55 inch) Ultra HD (4K) LED Smart Tizen TV with Voice Assistant,"₹46,990",3.9
"LG UQ7500 139 cm (55 inch) Ultra HD (4K) LED Smart WebOS TV 2022 Edition with Filmmaker Mode, AI Sound...","₹41,990",4.4
Vu GloLED 139 cm (55 inch) Ultra HD (4K) LED Smart Google TV with DJ Subwoofer 104W,"₹39,999",4.4
"Hisense A6H 139 cm (55 inch) Ultra HD (4K) LED Smart Google TV with Hands Free Voice Control, Dolby Vi...","₹34,999",4.2
Thomson 139 cm (55 inch) QLED Ultra HD (4K) Smart Google TV With Dolby Vision & Dolby Atmos,"₹38,999",4.6
SAMSUNG Crystal 4K Neo Series 138 cm (55 inch) Ultra HD (4K) LED Smart Tizen TV with Voice Search,"₹46,990",4.4
TOSHIBA M550LP Series 139 cm (55 inch) QLED Ultra HD (4K) Smart Google TV With Bass Woofer and REGZA E...,"₹41,999",4.3
"Sansui 140 cm (55 inch) QLED Ultra HD (4K) Smart Google TV Dolby Vision and Dolby Atmos, Black","₹38,990",4.3
Blaupunkt 139 cm (55 inch) QLED Ultra HD (4K) Smart Google TV With Dolby Atmos & Far-Field Mic,"₹38,999",4.6
iFFALCON by TCL U62 139 cm (55 inch) Ultra HD (4K) LED Smart Google TV with Bezel-Less Design and Dolb...,"₹32,999",4.2
OnePlus U1S 139 cm (55 inch) Ultra HD (4K) LED Smart Android TV with Far field and Dolby Audio,"₹42,999",4.4
"MOTOROLA Envision 140 cm (55 inch) Ultra HD (4K) LED Smart Android TV with Bezel-Less Design, Google V...","₹29,999",4.3
Sansui 140 cm (55 inch) Ultra HD (4K) LED Smart Android TV with Dolby Audio and DTS (Mystique Black),"₹34,990",4.3
"SENS Pikaso 140 cm (55 inch) Ultra HD (4K) LED Smart Android TV with FluroSENS Panel, Dolby Audio and ...","₹30,999",4.2
TOSHIBA C350MP 139 cm (55 inch) Ultra HD (4K) LED Smart Google TV with Dolby Vision Atmos and REGZA En...,"₹36,999",4.3
"Hisense 139 cm (55 inch) Ultra HD (4K) LED Smart Google TV with 102W JBL 6 Speakers, Dolby Vision and ...","₹37,999",4.3
"Acer I Series 139 cm (55 inch) Ultra HD (4K) LED Smart Android TV with Android 11, 30W Dolby Audio, ME...","₹27,999",4.3
"SENS Dwinci 140 cm (55 inch) QLED Ultra HD (4K) Smart Google TV LumiSENS Panel, Dolby Vision and Dolby...","₹35,999",4.4
Lloyd 140 cm (55 inch) QLED Ultra HD (4K) Smart WebOS TV,"₹44,990",4.5
TCL 139 cm (55 inch) Ultra HD (4K) LED Smart Google TV,"₹37,999",4.2
LG 139 cm (55 inch) OLED Ultra HD (4K) Smart WebOS TV Pixel Dimming & Magic Remote,"₹89,990",4.3
